Job Title,Company Name,Date,Location,Skills,Job Link,Salary,Job Requirements
Senior Python / Django Developer,RDI,3 days ago,"Dokki, Giza, Egypt ",Full TimeExperienced · 2+ Yrs of Exp · IT/Software Development · Engineering - Telecom/Technology · Django · Python · MySQL · PostgresSQL · Debugging · GIT · Docker · javaScript,https://wuzzuf.net/jobs/p/8GI7basJVztd-Senior-Python-Django-Developer-RDI-Giza-Egypt?o=1&l=sp&t=sj&a=python|search-v3|hpb,Confidential,Bachelor/Master of Science in relevant area or equivalent formal education.
Python API Developer Ocucon Team (UK) - (Alexandria),Procrew,19 hours ago,"Alexandria, Egypt ",Full TimeExperienced · 3+ Yrs of Exp · Installation/Maintenance/Repair · IT/Software Development · Engineering - Telecom/Technology · Python · python development · Software Development · API · Docker · PostgreSQL · Computer Science,https://wuzzuf.net/jobs/p/F8yPmGvgWZ5k-Python-API-Developer-Ocucon-Team-UK---Alexandria-Procrew-Alexandria-Egypt?o=2&l=sp&t=sj&a=python|search-v3|hpb,Confidential,Bachelor/Master of Science in relevant area or equivalent formal education.
Python-Django Developer,Paymob Solutions,13 days ago,"Maadi, Cairo, Egypt ",Full TimeExperienced · 2 - 5 Yrs of Exp · IT/Software Development · Engineering - Telecom/Technology · Django · Python · Flask · PostgreSQL · React · Web Development · Information Technology (IT) · HTML5,https://wuzzuf.net/jobs/p/kwe5h80g8Wjf-Python-Django-Developer-Paymob-Solutions-Cairo-Egypt?o=3&l=sp&t=sj&a=python|search-v3|hpb,Confidential,Bachelor/Master of Science in relevant area or equivalent formal education.
Senior Python Backend Developer,CROCOSOFT,16 days ago,"New Cairo, Cairo, Egypt ",Full TimeWork From HomeExperienced · 2 - 7 Yrs of Exp · IT/Software Development · Engineering - Telecom/Technology · Python · Flask · Git · Microservice Architecture · Relational Databases · Design Patterns · English · Information Technology (IT),https://wuzzuf.net/jobs/p/xoIvuBsGtAnO-Senior-Python-Backend-Developer-CROCOSOFT-Cairo-Egypt?o=4&l=sp&t=sj&a=python|search-v3|hpb,Confidential,Bachelor/Master of Science in relevant area or equivalent formal education.
Senior Python Developer,Paymob Solutions,17 days ago,"Maadi, Cairo, Egypt ",Full TimeExperienced · 2 - 3 Yrs of Exp · IT/Software Development · Engineering - Telecom/Technology · Computer Science · APIs · Software Engineering · Information Technology (IT) · Python · REST · Software Development · SQL,https://wuzzuf.net/jobs/p/8jpom3yTbAor-Senior-Python-Developer-Paymob-Solutions-Cairo-Egypt?o=5&l=sp&t=sj&a=python|search-v3|hpb,Confidential,Bachelor/Master of Science in relevant area or equivalent formal education.
Full Stack Python Developer,El Geel El Rakamy,18 days ago,"Helwan, Cairo, Egypt ",Full TimePart TimeExperienced · 3 - 7 Yrs of Exp · IT/Software Development · MongoDB · Python · HTML5 · Git · CSS3 · Computer Science · Software Development · REST · JavaScript,https://wuzzuf.net/jobs/p/WdeSIOMzyMtU-Full-Stack-Python-Developer-El-Geel-El-Rakamy-Cairo-Egypt?o=6&l=sp&t=sj&a=python|search-v3|hpb,Confidential,Bachelor/Master of Science in relevant area or equivalent formal education.
Senior Backend Developer - Node.js & Python,DIGIS2,10 days ago,"Maadi, Cairo, Egypt ",Full TimeExperienced · 5 - 7 Yrs of Exp · IT/Software Development · Engineering - Telecom/Technology · Computer Science · Software Development · Software Engineering · SQL · Angular · Computer Engineering · Information Technology (IT) · Laravel,https://wuzzuf.net/jobs/p/Vo0FB8GwaBp7-Senior-Backend-Developer---Nodejs-Python-DIGIS2-Cairo-Egypt?o=7&l=sp&t=sj&a=python|search-v3|hpb,Confidential,Bachelor/Master of Science in relevant area or equivalent formal education.
ERP Next - Python Developer,Houya Arrow,19 days ago,"Heliopolis, Cairo, Egypt ",Full TimeExperienced · 5+ Yrs of Exp · IT/Software Development · Engineering - Telecom/Technology · Python · Computer Science · Development · HTML · ERP · HTML5 · Information Technology (IT) · IT,https://wuzzuf.net/jobs/p/XTPf8LY01DTQ-ERP-Next---Python-Developer-Houya-Arrow-Cairo-Egypt?o=8&l=sp&t=sj&a=python|search-v3|hpb,Confidential,Bachelor/Master of Science in relevant area or equivalent formal education.
Python Software Developer (Packet Core CDD),Sceel.io,22 days ago,"Maadi, Cairo, Egypt ",Full TimeExperienced · 5+ Yrs of Exp · IT/Software Development · Engineering - Telecom/Technology · Cloud · Python · Docker · Jenkins · Kubernetes · Software Development · Automation · Development,https://wuzzuf.net/jobs/p/4aTpdrP623pr-Python-Software-Developer-Packet-Core-CDD-Sceel-io-Cairo-Egypt?o=9&l=sp&t=sj&a=python|search-v3|hpb,Confidential,Bachelor/Master of Science in relevant area or equivalent formal education.
Senior Backend (Python) Engineer - Customer Domain,Nana,22 days ago,"Sheraton, Cairo, Egypt ",Full TimeWork From HomeExperienced · 5 - 8 Yrs of Exp · IT/Software Development · Engineering - Telecom/Technology · Python · Agile · Information Technology (IT) · JavaScript · MySQL · Software Development · Startup · Computer Science,https://wuzzuf.net/jobs/p/K2YCB4wsIGwr-Senior-Backend-Python-Engineer---Customer-Domain-Nana-Cairo-Egypt?o=10&l=sp&t=sj&a=python|search-v3|hpb,Confidential,Bachelor/Master of Science in relevant area or equivalent formal education.
Python Developer,OdooTec,28 days ago,"New Cairo, Cairo, Egypt ",Full TimeEntry Level · 1 - 2 Yrs of Exp · IT/Software Development · Engineering - Telecom/Technology · Odoo · MVC · Information Technology (IT) · Computer Science · Python · Software Development · CSS · Design,https://wuzzuf.net/jobs/p/ZdWb6pnGtLmB-Python-Developer-OdooTec-Cairo-Egypt?o=11&l=sp&t=sj&a=python|search-v3|hpb,Confidential,Bachelor/Master of Science in relevant area or equivalent formal education.
Python Developer,WeArt,1 month ago,"Dammam, Saudi Arabia ",Full TimeExperienced · 3 - 8 Yrs of Exp · IT/Software Development · Engineering - Telecom/Technology · Flask · Python · Software Engineering · Django · Computer Science · Design Patterns · HTML5 · Information Technology (IT),https://wuzzuf.net/jobs/p/cPvgV6Wt9Wjx-Python-Developer-WeArt-Dammam-Saudi-Arabia?o=12&l=sp&t=sj&a=python|search-v3|hpb,Confidential,Bachelor/Master of Science in relevant area or equivalent formal education.
Senior Python Developer,Trufla,1 month ago,"Heliopolis, Cairo, Egypt ",Full TimeExperienced · 4+ Yrs of Exp · IT/Software Development · Engineering - Telecom/Technology · Agile · APIs · AWS · Computer Science · Git · Information Technology (IT) · Linux · Python,https://wuzzuf.net/jobs/p/ONfRqVhgKtiC-Senior-Python-Developer-Trufla-Cairo-Egypt?o=13&l=sp&t=sj&a=python|search-v3|hpb,Confidential,Bachelor/Master of Science in relevant area or equivalent formal education.
Full Stack Python Developer (Open Edx Developer),Dolf,1 month ago,"Heliopolis, Cairo, Egypt ",Full TimeExperienced · 6 - 12 Yrs of Exp · IT/Software Development · Engineering - Telecom/Technology · Information Technology (IT) · Python · MySQL · MongoDB · JavaScript · HTML5 · Computer Science,https://wuzzuf.net/jobs/p/iu3t3cJ97TTT-Full-Stack-Python-Developer-Open-Edx-Developer-Dolf-Cairo-Egypt?o=14&l=sp&t=sj&a=python|search-v3|hpb,Confidential,Bachelor/Master of Science in relevant area or equivalent formal education.
Python Back-End Developer (Part-Time),Snuggs Egypt,1 month ago,"New Cairo, Cairo, Egypt ",Part TimeFreelance / ProjectWork From HomeEntry Level · 0 - 2 Yrs of Exp · IT/Software Development · Engineering - Telecom/Technology · back-end · Back-End Developer · Computer Science · developer · Python · Software Development · Software Engineering · Information Technology (IT),https://wuzzuf.net/jobs/p/l2Q5ejbze43P-Python-Back-End-Developer-Part-Time-Snuggs-Egypt-Cairo-Egypt?o=15&l=sp&t=sj&a=python|search-v3|hpb,Confidential,Bachelor/Master of Science in relevant area or equivalent formal education.
Python Developer,Andela,8 days ago,"Cairo, Egypt ",Full TimeFreelance / ProjectWork From HomeEntry Level · 3 - 5 Yrs of Exp · IT/Software Development · Engineering - Telecom/Technology · Computer Science · Information Technology (IT) · Software Development · Software Engineering · Engineering · Software · Python · Technical Support,https://wuzzuf.net/jobs/p/1cbcpOIsGn6f-Python-Developer-Andela-Cairo-Egypt?o=16&l=sp&t=sj&a=python|search-v3|hpb,Confidential,Bachelor/Master of Science in relevant area or equivalent formal education.
Python Backend Developer,"Salney, Inc.",1 hour ago,"Cairo, Egypt ",Full TimeExperienced · 3 - 5 Yrs of Exp · IT/Software Development · Engineering - Telecom/Technology · Python · Django · developer · Engineering · Software Engineering · Computer Science · Information Technology (IT) · Software Development,https://wuzzuf.net/jobs/p/6PEE7W1NTlW5-Python-Backend-Developer-Salney-Inc-Cairo-Egypt?o=17&l=sp&t=sj&a=python|search-v3|hpb,Confidential,Bachelor/Master of Science in relevant area or equivalent formal education.
Senior Python Developer,SURE International Technology,2 hours ago,"Cairo, Egypt ",Full TimeExperienced · 3 - 5 Yrs of Exp · IT/Software Development · Engineering - Telecom/Technology · Python Developer · Software Development · Computer Science · Python · Software Engineering · Git · HTML5 · CSS,https://wuzzuf.net/jobs/p/jITGU1cOLq2S-Senior-Python-Developer-SURE-International-Technology-Cairo-Egypt?o=18&l=sp&t=sj&a=python|search-v3|hpb,Confidential,Bachelor/Master of Science in relevant area or equivalent formal education.
Flask Python Backend Developer.,Virtual Worker Now,22 hours ago,"Cairo, Egypt ",Full TimeWork From HomeExperienced · 1 - 2 Yrs of Exp · IT/Software Development · Engineering - Telecom/Technology · backend · back-end · Flask · Python · Software Development · Computer Science · Web · Full-Stack,https://wuzzuf.net/jobs/p/1XOMELtShdah-Flask-Python-Backend-Developer-Virtual-Worker-Now-Cairo-Egypt?o=19&l=sp&t=sj&a=python|search-v3|hpb,Confidential,Bachelor/Master of Science in relevant area or equivalent formal education.
Senior Backend Developer (Python/Django),Valify,2 days ago,"Maadi, Cairo, Egypt ",Full TimeExperienced · 3 - 5 Yrs of Exp · IT/Software Development · Engineering - Telecom/Technology · Django · RESTful · Python · OOP · Information Technology (IT) · Software Engineering · Software Development,https://wuzzuf.net/jobs/p/8dCtCCGcqsia-Senior-Backend-Developer-PythonDjango-Valify-Cairo-Egypt?o=20&l=sp&t=sj&a=python|search-v3|hpb,Confidential,Bachelor/Master of Science in relevant area or equivalent formal education.
Backend Developer (Python/Ruby),Nile University,2 days ago,"Sheikh Zayed, Giza, Egypt ",Full TimeExperienced · 2+ Yrs of Exp · IT/Software Development · back-end · Programming · Python · Ruby · Software Development · Computer Science · Information Technology (IT) · OWASP,https://wuzzuf.net/jobs/p/288nNuGDYeOx-Backend-Developer-PythonRuby-Nile-University-Giza-Egypt?o=21&l=sp&t=sj&a=python|search-v3|hpb,Confidential,Bachelor/Master of Science in relevant area or equivalent formal education.
Senior Python Linux Engineer,ElSewedy Electrometer,3 days ago,"6th of October, Giza, Egypt ",Full TimeExperienced · 3 - 5 Yrs of Exp · IT/Software Development · Engineering - Telecom/Technology · Software Development · Python · C++ · Information Technology (IT) · Computer Science · SQL · Programming · Electronics,https://wuzzuf.net/jobs/p/AKDnfcob97rW-Senior-Python-Linux-Engineer-El-Sewedy-Electrometer-Giza-Egypt?o=22&l=sp&t=sj&a=python|search-v3|hpb,Confidential,Bachelor/Master of Science in relevant area or equivalent formal education.
Odoo Developer,TechCastle,6 days ago,"Cairo, Egypt ",Full TimePart TimeWork From HomeEntry Level · 0 - 2 Yrs of Exp · IT/Software Development · Engineering - Telecom/Technology · Odoo Developer · Python Developer · Computer Engineering · Computer Science · Engineering · Information Technology (IT) · Python · Software,https://wuzzuf.net/jobs/p/Aea7PFSHgYNl-Odoo-Developer-TechCastle-Cairo-Egypt?o=23&l=sp&t=sj&a=python|search-v3|hpb,Confidential,Bachelor/Master of Science in relevant area or equivalent formal education.
Odoo Implementer,Kick Start Interactive,1 month ago,"Giza, Egypt ",Part TimeEntry Level · 1 - 3 Yrs of Exp · IT/Software Development · Engineering - Telecom/Technology · Agile · ERP · Python · Odoo · CSS · Git · HTML · Information Technology (IT),https://wuzzuf.net/jobs/p/hdoE0CqarWU9-Odoo-Implementer-Kick-Start-Interactive-Giza-Egypt?o=24&l=sp&t=sj&a=python|search-v3|hpb,Confidential,Bachelor/Master of Science in relevant area or equivalent formal education.
System Administrator,Dafater,1 month ago,"Nasr City, Cairo, Egypt ",Full TimeExperienced · 3 - 5 Yrs of Exp · Installation/Maintenance/Repair · IT/Software Development · Engineering - Telecom/Technology · Information Technology (IT) · Computer Science · Computer Engineering · System Administration · Linux · Azure · MySQL,https://wuzzuf.net/jobs/p/zOkFqizVxxMD-System-Administrator-Dafater-Cairo-Egypt?o=25&l=sp&t=sj&a=python|search-v3|hpb,Confidential,Bachelor/Master of Science in relevant area or equivalent formal education.
Devops Engineer,Confidential,1 month ago,"Nasr City, Cairo, Egypt ",Full TimeExperienced · 2+ Yrs of Exp · IT/Software Development · Engineering - Telecom/Technology · DevOps · Information Technology (IT) · Jenkins · Git · MongoDB · JSON · Computer Science · Software,https://wuzzuf.net/jobs/p/3kXNVPG60nwL-Devops-Engineer-Cairo-Egypt?o=26&l=sp&t=sj&a=python|search-v3|hpb,Confidential,Bachelor/Master of Science in relevant area or equivalent formal education.
Azure Support Engineer,Alnafitha,2 months ago,"Nasr City, Cairo, Egypt ",Full TimeExperienced · 3 - 5 Yrs of Exp · IT/Software Development · Engineering - Telecom/Technology · Azure · AWS · Cloud · Computer Science · SQL · Information Technology (IT) · MDM · SCCM,https://wuzzuf.net/jobs/p/P064CAHPPewo-Azure-Support-Engineer-Alnafitha-Cairo-Egypt?o=27&l=sp&t=sj&a=python|search-v3|hpb,Confidential,Bachelor/Master of Science in relevant area or equivalent formal education.
Full Time Faculty – Software Development,Zewail City,2 months ago,"6th of October, Giza, Egypt ",Full TimeExperienced · 5 - 15 Yrs of Exp · IT/Software Development · Engineering - Telecom/Technology · Education/Teaching · Software Development · Information Technology (IT) · Computer Science · Engineering · Java · Scrum · Python,https://wuzzuf.net/jobs/p/CnQWUsvQpJNV-Full-Time-Faculty-–-Software-Development-Zewail-City-Giza-Egypt?o=28&l=sp&t=sj&a=python|search-v3|hpb,Confidential,Bachelor/Master of Science in relevant area or equivalent formal education.
Sr. Odoo Developer,Al Rabat,2 months ago,"Nasr City, Cairo, Egypt ",Full TimeExperienced · 5 - 7 Yrs of Exp · IT/Software Development · Engineering - Telecom/Technology · HTML · CSS · Java · Odoo · Python · JavaScript · Information Technology (IT) · Computer Science,https://wuzzuf.net/jobs/p/qj8u73JHg2BV-Sr-Odoo-Developer-Al-Rabat-Cairo-Egypt?o=29&l=sp&t=sj&a=python|search-v3|hpb,Confidential,Bachelor/Master of Science in relevant area or equivalent formal education.
Senior System & Network Admin,Cashcall,2 months ago,"Maadi, Cairo, Egypt ",Full TimeExperienced · 2+ Yrs of Exp · Installation/Maintenance/Repair · IT/Software Development · Engineering - Telecom/Technology · Computer Science · IT · Networking · Information Technology (IT) · System Administration · Maintenance · Python,https://wuzzuf.net/jobs/p/6HOdrBNpsHyZ-Senior-System-Network-Admin-Cashcall-Cairo-Egypt?o=30&l=sp&t=sj&a=python|search-v3|hpb,Confidential,Bachelor/Master of Science in relevant area or equivalent formal education.
Software Project Manager,JBF Digital Marketing Agency,5 days ago,"Mohandessin, Giza, Egypt ",Full TimeManager · 5+ Yrs of Exp · IT/Software Development · Project/Program Management · Engineering - Telecom/Technology · Communication · Computer Science · Information Technology (IT) · Management · Project · Project Management · Communication skills,https://wuzzuf.net/jobs/p/fX90tr3Mm4Lk-Software-Project-Manager-JBF-Digital-Marketing-Agency-Giza-Egypt?o=31&l=sp&t=sj&a=python|search-v3|hpb,Confidential,Bachelor/Master of Science in relevant area or equivalent formal education.
Odoo Developer,Arrows for information technology,6 days ago,"Dokki, Giza, Egypt ",Full TimeExperienced · 1+ Yrs of Exp · Installation/Maintenance/Repair · IT/Software Development · Engineering - Telecom/Technology · Odoo Developer · Python · Odoo · Information Technology (IT) · developer · Computer Science · ERP,https://wuzzuf.net/jobs/p/nS5EH56zBvf5-Odoo-Developer-Arrows-for-information-technology-Giza-Egypt?o=32&l=sp&t=sj&a=python|search-v3|hpb,Confidential,Bachelor/Master of Science in relevant area or equivalent formal education.
Enterprise Software Developer,eT3  Tomorrow Information Technology,6 days ago,"New Cairo, Cairo, Egypt ",Full TimeEntry Level · 1+ Yrs of Exp · IT/Software Development · Engineering - Telecom/Technology · Information Technology (IT) · Computer Science · Fullstack · Frontend Development · HTML · CSS · javaScript · Backend Development,https://wuzzuf.net/jobs/p/FJYBP3NOV6g7-Enterprise-Software-Developer-eT3---Tomorrow-Information-Technology-Cairo-Egypt?o=33&l=sp&t=sj&a=python|search-v3|hpb,Confidential,Bachelor/Master of Science in relevant area or equivalent formal education.
Robotics & Steam Instructor (for Kids),EduZone,6 days ago,"Cairo, Egypt ",Full TimePart TimeEntry Level · 0 - 3 Yrs of Exp · Engineering - Mechanical/Electrical · Education/Teaching · Training/Instructor · Arduino · 3D Printing · Instructor · Education · Programming · Mechanical · Robotics,https://wuzzuf.net/jobs/p/jtIkwdia5alO-Robotics-Steam-Instructor-for-Kids-Edu-Zone-Cairo-Egypt?o=34&l=sp&t=sj&a=python|search-v3|hpb,Confidential,Bachelor/Master of Science in relevant area or equivalent formal education.
Full Stack Senior Java Developer (Remotely for USA),Mobile Wave 3,7 days ago,"Nasr City, Cairo, Egypt ",Full TimeExperienced · 4 - 7 Yrs of Exp · IT/Software Development · Engineering - Telecom/Technology · Full Stack · Computer Science · Java · JavaScript · React · CSS · Python · jQuery,https://wuzzuf.net/jobs/p/RvxHh93gyQn7-Full-Stack-Senior-Java-Developer-Remotely-for-USA-Mobile-Wave-3-Cairo-Egypt?o=35&l=sp&t=sj&a=python|search-v3|hpb,Confidential,Bachelor/Master of Science in relevant area or equivalent formal education.
Odoo Developer,Alarabia Group,7 days ago,"10th of Ramadan City, Cairo, Egypt ",Full TimeExperienced · 2 - 6 Yrs of Exp · Installation/Maintenance/Repair · IT/Software Development · Engineering - Telecom/Technology · Computer Engineering · Computer Science · Engineering · Git · HTML · Information Technology (IT) · CSS,https://wuzzuf.net/jobs/p/Rbh53j40XOEP-Odoo-Developer-Alarabia-Group-Cairo-Egypt?o=36&l=sp&t=sj&a=python|search-v3|hpb,Confidential,Bachelor/Master of Science in relevant area or equivalent formal education.
Senior Data Engineer | Tableau Is A Must,Fatura,7 days ago,"Maadi, Cairo, Egypt ",Full TimeExperienced · 4+ Yrs of Exp · IT/Software Development · Engineering - Telecom/Technology · Big Data · Python · Tableau · Data Modeling · Google BigQuery · SQL · Git · Apache Hadoop,https://wuzzuf.net/jobs/p/T3uMzvm3Cjb9-Senior-Data-Engineer-Tableau-Is-A-Must-Fatura-Cairo-Egypt?o=37&l=sp&t=sj&a=python|search-v3|hpb,Confidential,Bachelor/Master of Science in relevant area or equivalent formal education.
Application Engineer - Ansys Maxwell,Fluid Codes,8 days ago,"Cairo, Egypt ","Full TimeExperienced · 2+ Yrs of Exp · Engineering - Telecom/Technology · Engineering - Mechanical/Electrical · Ansys Maxwell, · Low-Frequency Electromagnetics · Simulation Software · Electrical Engineering · AutoCAD · C++ · Python",https://wuzzuf.net/jobs/p/lvXJiOMAI2aE-Application-Engineer---Ansys-Maxwell-Fluid-Codes-Cairo-Egypt?o=38&l=sp&t=sj&a=python|search-v3|hpb,Confidential,Bachelor/Master of Science in relevant area or equivalent formal education.
Security Engineer,Itechs,8 days ago,"Heliopolis, Cairo, Egypt ",Full TimeExperienced · 4 - 7 Yrs of Exp · IT/Software Development · Engineering - Telecom/Technology · Computer Science · Communication · CEH · CISM · CISSP · Information Technology (IT) · Fortinet · Python,https://wuzzuf.net/jobs/p/VfmTGjRF09GN-Security-Engineer-Itechs-Cairo-Egypt?o=39&l=sp&t=sj&a=python|search-v3|hpb,Confidential,Bachelor/Master of Science in relevant area or equivalent formal education.
Machine Translation Engineer,Future Group,13 days ago,"Giza, Egypt ",Full TimeWork From HomeExperienced · 4+ Yrs of Exp · IT/Software Development · Analyst/Research · Engineering - Telecom/Technology · English · Localization · Machine Learning · Machine Translation · Natural Language Processing · Software Development · Python,https://wuzzuf.net/jobs/p/ZfMbp8Qpkepo-Machine-Translation-Engineer-Future-Group-Giza-Egypt?o=40&l=sp&t=sj&a=python|search-v3|hpb,Confidential,Bachelor/Master of Science in relevant area or equivalent formal education.
DevOps Team Lead,Trufla,9 days ago,"Heliopolis, Cairo, Egypt ",Full TimeManager · 4+ Yrs of Exp · IT/Software Development · Engineering - Telecom/Technology · AWS · Azure · Docker · MySQL · Python · Software Engineering · Information Technology (IT) · Linux,https://wuzzuf.net/jobs/p/0A4OmuAgwQjM-DevOps-Team-Lead-Trufla-Cairo-Egypt?o=41&l=sp&t=sj&a=python|search-v3|hpb,Confidential,Bachelor/Master of Science in relevant area or equivalent formal education.
DevOps Engineer,Neureveal,9 days ago,"Maadi, Cairo, Egypt ",Full TimeExperienced · 4+ Yrs of Exp · IT/Software Development · Engineering - Telecom/Technology · DevOps · Information Technology (IT) · Jenkins · Linux · Python · SQL · Docker · AWS,https://wuzzuf.net/jobs/p/Oq4yhPMuVdGM-DevOps-Engineer-Neureveal-Cairo-Egypt?o=42&l=sp&t=sj&a=python|search-v3|hpb,Confidential,Bachelor/Master of Science in relevant area or equivalent formal education.
Senior Infrastructure Engineer,siParadigm Egypt,9 days ago,"Sheraton, Cairo, Egypt ",Full TimeWork From HomeExperienced · 2 - 5 Yrs of Exp · IT/Software Development · Engineering - Telecom/Technology · MySQL · Engineering · Information Technology (IT) · Infrastructure · Linux · Computer Science · computer · HTTP,https://wuzzuf.net/jobs/p/YFohBwOciYOG-Senior-Infrastructure-Engineer-siParadigm-Egypt-Cairo-Egypt?o=43&l=sp&t=sj&a=python|search-v3|hpb,Confidential,Bachelor/Master of Science in relevant area or equivalent formal education.
Odoo Developer,Isky Development,9 days ago,"6th of October, Giza, Egypt ",Full TimeEntry Level · 1 - 3 Yrs of Exp · IT/Software Development · Engineering - Telecom/Technology · Computer Science · Information Technology (IT) · jQuery · Odoo · Python · Programming · PostgreSQL · XML,https://wuzzuf.net/jobs/p/HSi4bBTaHw5C-Odoo-Developer-Isky-Development-Giza-Egypt?o=44&l=sp&t=sj&a=python|search-v3|hpb,Confidential,Bachelor/Master of Science in relevant area or equivalent formal education.
Senior Odoo Developer,ABS,11 days ago,"Maadi, Cairo, Egypt ",Full TimeExperienced · 3 - 5 Yrs of Exp · IT/Software Development · Engineering - Telecom/Technology · Odoo ERP · Computer Science · MySQL · MVC · Programming · Python · Software Development · Software Engineering,https://wuzzuf.net/jobs/p/TV9mOBauGddV-Senior-Odoo-Developer-ABS-Cairo-Egypt?o=45&l=sp&t=sj&a=python|search-v3|hpb,Confidential,Bachelor/Master of Science in relevant area or equivalent formal education.
Senior Odoo Developer,PerfectTech,11 hours ago,"Cairo, Egypt ",Full TimeExperienced · 3 - 6 Yrs of Exp · IT/Software Development · Computer Science · Development · Information Technology (IT) · Software · Software Development · Python · JavaScript,https://wuzzuf.net/jobs/p/bAqsIkXunHDI-Senior-Odoo-Developer-Perfect-Tech-Cairo-Egypt?o=46&l=sp&t=sj&a=python|search-v3|hpb,Confidential,Bachelor/Master of Science in relevant area or equivalent formal education.
Cloud DevOps Intern,Appgain,9 days ago,"Dokki, Giza, Egypt ",InternshipEntry Level · 0 - 1 Yrs of Exp · Installation/Maintenance/Repair · IT/Software Development · Engineering - Telecom/Technology · Information Technology (IT) · Computer Science · AWS · Cloud · DevOps · Engineering · Docker,https://wuzzuf.net/jobs/p/4Z1Dx43l2R1n-Cloud-DevOps-Intern-Appgain-Giza-Egypt?o=47&l=sp&t=sj&a=python|search-v3|hpb,Confidential,Bachelor/Master of Science in relevant area or equivalent formal education.
Power BI Analyst,Dynamicslink,11 days ago,"Nasr City, Cairo, Egypt ",Full TimeEntry Level · 1 - 3 Yrs of Exp · IT/Software Development · Analyst/Research · Engineering - Telecom/Technology · Power BI · Analyzing data · Information Technology (IT) · Data · SQL · Computer Science · Telecom Engineering,https://wuzzuf.net/jobs/p/9KaMGqzG1270-Power-BI-Analyst-Dynamicslink-Cairo-Egypt?o=48&l=sp&t=sj&a=python|search-v3|hpb,Confidential,Bachelor/Master of Science in relevant area or equivalent formal education.
Research And Development Engineer,Simplex,13 days ago,"Cairo, Egypt ",Full TimeExperienced · 5 - 6 Yrs of Exp · R&D/Science · Analyst/Research · Engineering - Mechanical/Electrical · Engineering · Mechatronics · Python · SolidWorks · CAD · Research Development,https://wuzzuf.net/jobs/p/Qf7QBoOzf4zI-Research-And-Development-Engineer-Simplex-Cairo-Egypt?o=49&l=sp&t=sj&a=python|search-v3|hpb,Confidential,Bachelor/Master of Science in relevant area or equivalent formal education.
"RPA Developer (Automation Anywhere, UiPath, Blue Prism)",Tarqeem Solutions,13 days ago,"Mohandessin, Giza, Egypt ",Full TimeWork From HomeExperienced · 2 - 4 Yrs of Exp · IT/Software Development · Engineering - Telecom/Technology · RPA · Automation Anywhere · Automation · BluePrism · Software Development · Computer Science · Information Technology (IT) · Python,https://wuzzuf.net/jobs/p/e3IR8vKsKKIy-RPA-Developer-Automation-Anywhere-UiPath-Blue-Prism-Tarqeem-Solutions-Giza-Egypt?o=50&l=sp&t=sj&a=python|search-v3|hpb,Confidential,Bachelor/Master of Science in relevant area or equivalent formal education.
Backend Team Lead (Java),Confidential,13 days ago,"New Cairo, Cairo, Egypt ",Full TimeManager · 8 - 10 Yrs of Exp · IT/Software Development · Engineering - Telecom/Technology · coding · Computer Science · Design · Engineering · Information Technology (IT) · Java · Lead · Software,https://wuzzuf.net/jobs/p/LrYuwvYg8Vza-Backend-Team-Lead-Java-Cairo-Egypt?o=51&l=sp&t=sj&a=python|search-v3|hpb,Confidential,Bachelor/Master of Science in relevant area or equivalent formal education.
Software Engineer,Appgain,17 days ago,"Dokki, Giza, Egypt ",Full TimeEntry Level · 1 - 3 Yrs of Exp · IT/Software Development · Engineering - Telecom/Technology · Python Developer · UML · IT · Flask · RestAPI · Mongo DB · Computer Science · SQL,https://wuzzuf.net/jobs/p/Na28neFCFjJe-Software-Engineer-Appgain-Giza-Egypt?o=52&l=sp&t=sj&a=python|search-v3|hpb,Confidential,Bachelor/Master of Science in relevant area or equivalent formal education.
Senior Backend Engineer,LxT,15 days ago,"Mohandessin, Giza, Egypt ",Full TimeExperienced · 3 - 5 Yrs of Exp · IT/Software Development · Engineering - Telecom/Technology · Docker · Python · Programming · Software Development · Testing · Agile · AWS Cloud · Flask,https://wuzzuf.net/jobs/p/q5gRd0NwEntJ-Senior-Backend-Engineer-LxT-Giza-Egypt?o=53&l=sp&t=sj&a=python|search-v3|hpb,Confidential,Bachelor/Master of Science in relevant area or equivalent formal education.
Senior Devops Engineer,SURE International Technology,15 days ago,"Cairo, Egypt ",Full TimeWork From HomeExperienced · 5+ Yrs of Exp · IT/Software Development · Engineering - Telecom/Technology · AWS · DevOps · Git · Computer Science · Software Development · Software · AWS Cloud · Cloud,https://wuzzuf.net/jobs/p/PdXxOOf4pE5D-Senior-Devops-Engineer-SURE-International-Technology-Cairo-Egypt?o=54&l=sp&t=sj&a=python|search-v3|hpb,Confidential,Bachelor/Master of Science in relevant area or equivalent formal education.
Backend Developer,LxT,15 days ago,"Mohandessin, Giza, Egypt ",Full TimeEntry Level · 0 - 2 Yrs of Exp · IT/Software Development · Engineering - Telecom/Technology · Python · Django · Flask · Programming · Azure · GCP · Amazon Web Services · Agile,https://wuzzuf.net/jobs/p/NC3rSyO6wtYC-Backend-Developer-LxT-Giza-Egypt?o=55&l=sp&t=sj&a=python|search-v3|hpb,Confidential,Bachelor/Master of Science in relevant area or equivalent formal education.
Senior Odoo developer,Bitsera Solutions,16 days ago,"Cairo, Egypt ",Full TimeWork From HomeExperienced · 4+ Yrs of Exp · IT/Software Development · Engineering - Telecom/Technology · Odoo Development · Python · JavaScript · HTML · CSS · Software Development · OWL,https://wuzzuf.net/jobs/p/qtgKQNs1ZDhR-Senior-Odoo-developer-Bitsera-solutions-Cairo-Egypt?o=56&l=sp&t=sj&a=python|search-v3|hpb,Confidential,Bachelor/Master of Science in relevant area or equivalent formal education.
Odoo Developer,Elitbuzz,16 days ago,"Maadi, Cairo, Egypt ",Full TimeExperienced · 4 - 8 Yrs of Exp · IT/Software Development · Odoo · Odoo Development · Development · Python · Programming,https://wuzzuf.net/jobs/p/OtqAucOcDRLj-Odoo-Developer-Elitbuzz-Cairo-Egypt?o=57&l=sp&t=sj&a=python|search-v3|hpb,Confidential,Bachelor/Master of Science in relevant area or equivalent formal education.
AI / Machine Learning Engineering Lead,Unifonic,17 days ago,"Cairo, Egypt ",Full TimeWork From HomeManager · 10+ Yrs of Exp · IT/Software Development · Engineering - Telecom/Technology · Engineering · Information Technology (IT) · Machine Learning · NLP · Python · Software Engineering · Statistics · Kubernetes,https://wuzzuf.net/jobs/p/ENCERkCJFiDk-AI-Machine-Learning-Engineering-Lead-Unifonic-Cairo-Egypt?o=58&l=sp&t=sj&a=python|search-v3|hpb,Confidential,Bachelor/Master of Science in relevant area or equivalent formal education.
Senior Odoo Developer,Raya Customer Experience,17 days ago,"6th of October, Giza, Egypt ",Full TimeExperienced · 3 - 4 Yrs of Exp · IT/Software Development · Engineering - Telecom/Technology · Python · Agile · Software Development · SQL · Testing · MySQL · Linux · Computer Engineering,https://wuzzuf.net/jobs/p/Xb07BzU0mqpw-Senior-Odoo-Developer-Raya-Customer-Experience-Giza-Egypt?o=59&l=sp&t=sj&a=python|search-v3|hpb,Confidential,Bachelor/Master of Science in relevant area or equivalent formal education.
Data Management Engineer,BBIConsultancy,17 days ago,"Nasr City, Cairo, Egypt ",InternshipEntry Level · IT/Software Development · Engineering - Telecom/Technology · Information Technology (IT) · Computer Science · Data Engineering · Data Management Engineer · Architecture · Communication · Database · Engineering,https://wuzzuf.net/jobs/p/2HJ8FVGGnUNa-Data-Management-Engineer-BBI-Consultancy-Cairo-Egypt?o=60&l=sp&t=sj&a=python|search-v3|hpb,Confidential,Bachelor/Master of Science in relevant area or equivalent formal education.
Senior Data Engineer,Cashcall,17 days ago,"Maadi, Cairo, Egypt ",Full TimeExperienced · 3 - 5 Yrs of Exp · IT/Software Development · Engineering - Telecom/Technology · Engineering - Other · Database · Information Technology (IT) · IT · ITIL · Computer Science · Software Development · SQL,https://wuzzuf.net/jobs/p/RifksK0V3Z5x-Senior-Data-Engineer-Cashcall-Cairo-Egypt?o=61&l=sp&t=sj&a=python|search-v3|hpb,Confidential,Bachelor/Master of Science in relevant area or equivalent formal education.
Senior Software Quality Engineer - Security,Unifonic,17 days ago,"Cairo, Egypt ",Full TimeWork From HomeExperienced · 8+ Yrs of Exp · IT/Software Development · Quality · Engineering - Telecom/Technology · Analysis · backend · API · Development · Information Technology (IT) · Java · Python,https://wuzzuf.net/jobs/p/kxPckki5BtPk-Senior-Software-Quality-Engineer---Security-Unifonic-Cairo-Egypt?o=62&l=sp&t=sj&a=python|search-v3|hpb,Confidential,Bachelor/Master of Science in relevant area or equivalent formal education.
Service Delivery Lead (Networking & Security),NOK for Human Capital Solutions,17 days ago,"Cairo, Egypt ",Full TimeManager · 7+ Yrs of Exp · IT/Software Development · CCNA · Cisco · CISSP · Computer Science · Customer Service · firewalls · Information Technology (IT) · Networking · IP,https://wuzzuf.net/jobs/p/nd3mGBnexe2x-Service-Delivery-Lead-Networking-Security-NOK-for-Human-Capital-Solutions-Cairo-Egypt?o=63&l=sp&t=sj&a=python|search-v3|hpb,Confidential,Bachelor/Master of Science in relevant area or equivalent formal education.
Service Delivery Lead (.NET/DevOps),NOK for Human Capital Solutions,17 days ago,"Cairo, Egypt ",Full TimeManager · 5+ Yrs of Exp · IT/Software Development · Engineering - Telecom/Technology · .net core · .Net · ASP.Net · AWS · Azure · Computer Science · DevOps · Information Technology (IT),https://wuzzuf.net/jobs/p/MayuIrB56Ep8-Service-Delivery-Lead-NETDevOps-NOK-for-Human-Capital-Solutions-Cairo-Egypt?o=64&l=sp&t=sj&a=python|search-v3|hpb,Confidential,Bachelor/Master of Science in relevant area or equivalent formal education.
Senior Devops Engineer,Unifonic,17 days ago,"Cairo, Egypt ",Full TimeWork From HomeExperienced · 3+ Yrs of Exp · IT/Software Development · Engineering - Telecom/Technology · Docker · DevOps · Kubernetes · AWS · CI/CD · Jenkins · Terraform · Agile,https://wuzzuf.net/jobs/p/s9YyMIoagHoR-Senior-Devops-Engineer-Unifonic-Cairo-Egypt?o=65&l=sp&t=sj&a=python|search-v3|hpb,Confidential,Bachelor/Master of Science in relevant area or equivalent formal education.
Java Web Developer,SSC Egypt,22 days ago,"Nasr City, Cairo, Egypt ",Full TimeWork From HomeExperienced · 3 - 4 Yrs of Exp · IT/Software Development · Engineering - Telecom/Technology · Java Development · JavaScript · Java · Java Software Development · Java SE · Java EE · Java Jee · Node.js,https://wuzzuf.net/jobs/p/iHAjKil9STNa-Java-Web-Developer-SSC-Egypt-Cairo-Egypt?o=66&l=sp&t=sj&a=python|search-v3|hpb,Confidential,Bachelor/Master of Science in relevant area or equivalent formal education.
Odoo Developer,Premier Services and Recruitment,22 days ago,"Nasr City, Cairo, Egypt ",Full TimeExperienced · 2 - 10 Yrs of Exp · IT/Software Development · Engineering - Telecom/Technology · Computer Science · Odoo · Python · Developer · SQ · Information Technology (IT) · Computer Engineering · Odoo Development,https://wuzzuf.net/jobs/p/GMquusUrCJQz-Odoo-Developer-Premier-Services-and-Recruitment-Cairo-Egypt?o=67&l=sp&t=sj&a=python|search-v3|hpb,Confidential,Bachelor/Master of Science in relevant area or equivalent formal education.
Back-End Developer (Apache AirFlow) - Remotely,Deliverytech,16 days ago,"Cairo, Egypt ",Full TimeWork From HomeExperienced · 5+ Yrs of Exp · IT/Software Development · Engineering - Telecom/Technology · Apache · back-end · Back-End Developer · Computer Science · Information Technology (IT) · Software Development · developer · JavaScript,https://wuzzuf.net/jobs/p/BHpm4CqBsWjv-Back-End-Developer-Apache-AirFlow---Remotely-Delivery-tech-Cairo-Egypt?o=68&l=sp&t=sj&a=python|search-v3|hpb,Confidential,Bachelor/Master of Science in relevant area or equivalent formal education.
Service Delivery Lead (Database),NOK for Human Capital Solutions,20 days ago,"Cairo, Egypt ",Full TimeManager · 7+ Yrs of Exp · IT/Software Development · Operations/Management · MySQL · Mysql Database · Database SQL Server · Database · Relational Databases · Databases · Database Systems · NoSQL Database,https://wuzzuf.net/jobs/p/qDIsjwds5J33-Service-Delivery-Lead-Database-NOK-for-Human-Capital-Solutions-Cairo-Egypt?o=69&l=sp&t=sj&a=python|search-v3|hpb,Confidential,Bachelor/Master of Science in relevant area or equivalent formal education.
Ruby On Rails Software Developer - German Account,Procrew,16 days ago,"Alexandria, Egypt ",Full TimeExperienced · 3 - 4 Yrs of Exp · Installation/Maintenance/Repair · IT/Software Development · Engineering - Telecom/Technology · Communication · Communication skills · Agile · Computer Science · Development · CSS · Software Engineering,https://wuzzuf.net/jobs/p/GVLwFKHoMCyr-Ruby-On-Rails-Software-Developer---German-Account-Procrew-Alexandria-Egypt?o=70&l=sp&t=sj&a=python|search-v3|hpb,Confidential,Bachelor/Master of Science in relevant area or equivalent formal education.
Data Scientist & BI Developer,Easy System,17 days ago,"New Cairo, Cairo, Egypt ",Full TimePart TimeExperienced · 5 - 10 Yrs of Exp · IT/Software Development · Engineering - Telecom/Technology · Python · Data Science · Information Technology (IT) · Data · Computer Science · Oracle Obiee · Microsoft Power BI · Power BI,https://wuzzuf.net/jobs/p/VmhCzmW8TxNC-Data-Scientist-BI-Developer-Easy-System-Cairo-Egypt?o=71&l=sp&t=sj&a=python|search-v3|hpb,Confidential,Bachelor/Master of Science in relevant area or equivalent formal education.
Power BI Developer,Confidential,17 days ago,"Maadi, Cairo, Egypt ",Full TimeEntry Level · 1 - 4 Yrs of Exp · IT/Software Development · Analyst/Research · Engineering - Telecom/Technology · Analyzing data · Power BI · Powerbi · Data · Information Technology (IT) · Python · Telecom Engineering,https://wuzzuf.net/jobs/p/v8fu0jYbKsK3-Power-BI-Developer-Cairo-Egypt?o=72&l=sp&t=sj&a=python|search-v3|hpb,Confidential,Bachelor/Master of Science in relevant area or equivalent formal education.
Software/Data Engineer,Confidential,21 days ago,"6th of October, Giza, Egypt ",Full TimeExperienced · 2 - 3 Yrs of Exp · IT/Software Development · Engineering - Telecom/Technology · Computer Engineering · Information Technology (IT) · Computer Science · Engineering · English · Java · MongoDB · Programming,https://wuzzuf.net/jobs/p/hOdiuF1gnxQP-SoftwareData-Engineer-Giza-Egypt?o=73&l=sp&t=sj&a=python|search-v3|hpb,Confidential,Bachelor/Master of Science in relevant area or equivalent formal education.
Odoo Developer,Marbella For Food Industry,24 days ago,"6th of October, Giza, Egypt ",Full TimeExperienced · 2 - 5 Yrs of Exp · IT/Software Development · CSS · Odoo · Python · SQL · HTML · JavaScript · jQuery · Linux · Computer Science,https://wuzzuf.net/jobs/p/CtH7tInNesjt-Odoo-Developer-Marbella-For-Food-Industry-Giza-Egypt?o=74&l=sp&t=sj&a=python|search-v3|hpb,Confidential,Bachelor/Master of Science in relevant area or equivalent formal education.
Senior DevOps Engineer,WorkMotion,21 days ago,"Maadi, Cairo, Egypt ",Full TimeWork From HomeExperienced · 4+ Yrs of Exp · IT/Software Development · Engineering - Telecom/Technology · AWS · Docker · Engineering · Information Technology (IT) · Jenkins · Kubernetes · Python · Terraform,https://wuzzuf.net/jobs/p/ymYtwA8jlh5P-Senior-DevOps-Engineer-WorkMotion-Cairo-Egypt?o=75&l=sp&t=sj&a=python|search-v3|hpb,Confidential,Bachelor/Master of Science in relevant area or equivalent formal education.
Data Scientist,Seoudi Supermarket,21 days ago,"Sheikh Zayed, Giza, Egypt ",Full TimeEntry Level · 1 - 4 Yrs of Exp · IT/Software Development · Analyst/Research · Engineering - Telecom/Technology · Data Science · Programming · Machine Learning · Python · Data Analytics · Computer Science · Information Technology (IT),https://wuzzuf.net/jobs/p/Jf5vcATBdpub-Data-Scientist-Seoudi-Supermarket-Giza-Egypt?o=76&l=sp&t=sj&a=python|search-v3|hpb,Confidential,Bachelor/Master of Science in relevant area or equivalent formal education.
Senior Full Stack Developer,Dafater,22 days ago,"Heliopolis, Cairo, Egypt ",Full TimeWork From HomeExperienced · 5 - 7 Yrs of Exp · IT/Software Development · Engineering - Telecom/Technology · Information Technology (IT) · Computer Science · Software Development · Software Engineering · Software · CSS · HTML · javaScript,https://wuzzuf.net/jobs/p/95YJ2GqOwWa6-Senior-Full-Stack-Developer-Dafater-Cairo-Egypt?o=77&l=sp&t=sj&a=python|search-v3|hpb,Confidential,Bachelor/Master of Science in relevant area or equivalent formal education.
SOC L2 Engineer,ZINAD IT,22 days ago,"New Cairo, Cairo, Egypt ",Full TimeExperienced · 3 - 5 Yrs of Exp · IT/Software Development · Engineering - Telecom/Technology · Information Technology (IT) · Networking · Computer Science · information security · Network · Engineering · Computer Engineering · FTP,https://wuzzuf.net/jobs/p/q40fMoCfiUgy-SOC-L2-Engineer-ZINAD-IT-Cairo-Egypt?o=78&l=sp&t=sj&a=python|search-v3|hpb,Confidential,Bachelor/Master of Science in relevant area or equivalent formal education.
Senior Front End Developer,Dafater,22 days ago,"Nasr City, Cairo, Egypt ",Full TimeWork From HomeExperienced · 3+ Yrs of Exp · IT/Software Development · Engineering - Telecom/Technology · Computer Science · front-end · CSS · Information Technology (IT) · JavaScript · Python · Software Development · Web,https://wuzzuf.net/jobs/p/Zd6BqpLQxMFM-Senior-Front-End-Developer-Dafater-Cairo-Egypt?o=79&l=sp&t=sj&a=python|search-v3|hpb,Confidential,Bachelor/Master of Science in relevant area or equivalent formal education.
Sr. DevOps Engineer,SURE International Technology,22 days ago,"Cairo, Egypt ",Full TimeExperienced · 5+ Yrs of Exp · IT/Software Development · Engineering - Telecom/Technology · DevOps · AWS · Jenkins · Linux · Python · PHP · CI/CD · Computer Science,https://wuzzuf.net/jobs/p/djgE4SboOFzg-Sr-DevOps-Engineer-SURE-International-Technology-Cairo-Egypt?o=80&l=sp&t=sj&a=python|search-v3|hpb,Confidential,Bachelor/Master of Science in relevant area or equivalent formal education.
Application Support Engineer,Testing Geeks,19 days ago,"Dokki, Giza, Egypt ",Full TimeExperienced · 3 - 10 Yrs of Exp · IT/Software Development · Engineering - Telecom/Technology · Information Technology (IT) · Application Support · SQL · Computer Science · PHP · Laravel · Python · Typescript,https://wuzzuf.net/jobs/p/8p9AxCYDCdsK-Application-Support-Engineer-Testing-Geeks-Giza-Egypt?o=81&l=sp&t=sj&a=python|search-v3|hpb,Confidential,Bachelor/Master of Science in relevant area or equivalent formal education.
Senior Devops Engineer,Caelum Egypt,23 days ago,"Dokki, Giza, Egypt ",Full TimeExperienced · 3+ Yrs of Exp · IT/Software Development · Engineering - Telecom/Technology · Computer Science · Docker · DevOps · Engineering · Git · Linux · Python · Information Technology (IT),https://wuzzuf.net/jobs/p/I1bXqHQI0Llg-Senior-Devops-Engineer-Caelum-Egypt-Giza-Egypt?o=82&l=sp&t=sj&a=python|search-v3|hpb,Confidential,Bachelor/Master of Science in relevant area or equivalent formal education.
Senior Devops Engineer,Confidential,23 days ago,"New Cairo, Cairo, Egypt ",Full TimeExperienced · 3 - 4 Yrs of Exp · IT/Software Development · Engineering - Telecom/Technology · Communication skills · Computer Science · Development · DevOps · Engineering · Information Technology (IT) · Java · Management,https://wuzzuf.net/jobs/p/4gBVZ0HBs8jj-Senior-Devops-Engineer-Cairo-Egypt?o=83&l=sp&t=sj&a=python|search-v3|hpb,Confidential,Bachelor/Master of Science in relevant area or equivalent formal education.
Senior Computer Vision Engineer,Atomica,24 days ago,"Cairo, Egypt ",Full TimeWork From HomeExperienced · 3 - 10 Yrs of Exp · IT/Software Development · Engineering - Telecom/Technology · Computer Engineering · Mathematics · Software Development · Software Engineering · C++ · Git · Research · computer,https://wuzzuf.net/jobs/p/k9aorzMuNSrg-Senior-Computer-Vision-Engineer-Atomica-Cairo-Egypt?o=84&l=sp&t=sj&a=python|search-v3|hpb,Confidential,Bachelor/Master of Science in relevant area or equivalent formal education.
Senior Devops Engineer,Trufla,24 days ago,"Heliopolis, Cairo, Egypt ",Full TimeExperienced · 4+ Yrs of Exp · IT/Software Development · Engineering - Telecom/Technology · Engineering - Mechanical/Electrical · AWS · Azure · Cloud · Computer Science · Docker · Engineering · Information Technology (IT),https://wuzzuf.net/jobs/p/8fc88lZf8x7t-Senior-Devops-Engineer-Trufla-Cairo-Egypt?o=85&l=sp&t=sj&a=python|search-v3|hpb,Confidential,Bachelor/Master of Science in relevant area or equivalent formal education.
Software Engineer / Senior Software Engineer,Emirates,21 days ago,"Dubai, United Arab Emirates ",Full TimeExperienced · 3 - 8 Yrs of Exp · IT/Software Development · Engineering - Telecom/Technology · .Net · Angular · Agile · Java · Software Development · Oracle · JavaScript · Front-End Development,https://wuzzuf.net/jobs/p/gNmq6yykvsvq-Software-Engineer-Senior-Software-Engineer-Emirates-Dubai-United-Arab-Emirates?o=86&l=sp&t=sj&a=python|search-v3|hpb,Confidential,Bachelor/Master of Science in relevant area or equivalent formal education.
Freelance Data Science Instructor,Faze 3 Consulting,24 days ago,"Riyadh, Saudi Arabia ",Freelance / ProjectExperienced · 5 - 20 Yrs of Exp · Training/Instructor · Data Science · Artificial Intelligence · Data Analysis · Python · Machine Learning,https://wuzzuf.net/jobs/p/ZhaAwNcYK7Ae-Freelance-Data-Science-Instructor-Faze-3-Consulting-Riyadh-Saudi-Arabia?o=87&l=sp&t=sj&a=python|search-v3|hpb,Confidential,Bachelor/Master of Science in relevant area or equivalent formal education.
Linux System Admin,Caduceus Lane,24 days ago,"Alexandria, Egypt ",Full TimeExperienced · 3+ Yrs of Exp · Installation/Maintenance/Repair · IT/Software Development · Engineering - Telecom/Technology · Apache · CentOS · Computer Science · DNS · HTTP · Information Systems · Information Technology (IT),https://wuzzuf.net/jobs/p/JEGM9GpEdSSg-Linux-System-Admin-Caduceus-Lane-Alexandria-Egypt?o=88&l=sp&t=sj&a=python|search-v3|hpb,Confidential,Bachelor/Master of Science in relevant area or equivalent formal education.
Ruby on Rails Developer,Remote Platz,22 days ago,"Cairo, Egypt ",Full TimeWork From HomeExperienced · 3+ Yrs of Exp · IT/Software Development · Engineering - Telecom/Technology · Computer Science · RESTful · APIs · Back-end · Ruby on Rails · Database Design · Git · Information Technology (IT),https://wuzzuf.net/jobs/p/9uBV54MK1HjH-Ruby-on-Rails-Developer-Remote-Platz-Cairo-Egypt?o=89&l=sp&t=sj&a=python|search-v3|hpb,Confidential,Bachelor/Master of Science in relevant area or equivalent formal education.
Systems Analyst (Application Support),TruKKer Misr,22 days ago,"Maadi, Cairo, Egypt ",Full TimeEntry Level · 0 - 2 Yrs of Exp · IT/Software Development · Analyst/Research · Engineering - Telecom/Technology · System Analysis · Business Analysis · SQL · Data Analysis · Computer Science · Information Systems · Information Technology (IT),https://wuzzuf.net/jobs/p/1mKqcQtOoCeI-Systems-Analyst-Application-Support-TruKKer-Misr-Cairo-Egypt?o=90&l=sp&t=sj&a=python|search-v3|hpb,Confidential,Bachelor/Master of Science in relevant area or equivalent formal education.
Data Science Instructor,EpsilonAI,26 days ago,"Nasr City, Cairo, Egypt ",Full TimePart TimeEntry Level · 1+ Yrs of Exp · IT/Software Development · Engineering - Telecom/Technology · Training/Instructor · Data Science · Computer Science · Computer Engineering · Python · Machine Learning · Deep Learning · Artificial Intelligence (AI),https://wuzzuf.net/jobs/p/MEwqg4ISHBJE-Data-Science-Instructor-EpsilonAI-Cairo-Egypt?o=91&l=sp&t=sj&a=python|search-v3|hpb,Confidential,Bachelor/Master of Science in relevant area or equivalent formal education.
DevOps Engineer,Luftborn,29 days ago,"Heliopolis, Cairo, Egypt ",Full TimeExperienced · 2+ Yrs of Exp · IT/Software Development · Engineering - Telecom/Technology · Azure · Information Technology (IT) · Software Development · Telecom Engineering · DevOps · Network Security · AWS · Elasticsearch,https://wuzzuf.net/jobs/p/Js3tFswHkYaf-DevOps-Engineer-Luftborn-Cairo-Egypt?o=92&l=sp&t=sj&a=python|search-v3|hpb,Confidential,Bachelor/Master of Science in relevant area or equivalent formal education.
Online Programming Instructor,Yat Learning Centers,27 days ago,"Maadi, Cairo, Egypt ","Freelance / ProjectWork From HomeExperienced · 2+ Yrs of Exp · IT/Software Development · Training/Instructor · Java · Teaching · Programming · python, · HTML · instructor",https://wuzzuf.net/jobs/p/uzTKJzKuPbzf-Online-Programming-Instructor-Yat-Learning-Centers-Cairo-Egypt?o=93&l=sp&t=sj&a=python|search-v3|hpb,Confidential,Bachelor/Master of Science in relevant area or equivalent formal education.
Senior Data Integration Consultant,National System LLC,27 days ago,"Cairo, Egypt ",Full TimeExperienced · 3+ Yrs of Exp · IT/Software Development · Engineering - Telecom/Technology · Computer Science · Data Warehouse · Engineering · ETL · Git · Information Technology (IT) · Java · Oracle,https://wuzzuf.net/jobs/p/oTR80xqOkrMP-Senior-Data-Integration-Consultant-National-System-LLC-Cairo-Egypt?o=94&l=sp&t=sj&a=python|search-v3|hpb,Confidential,Bachelor/Master of Science in relevant area or equivalent formal education.
Odoo Developer,Abdeen pharmacies,27 days ago,"Haram, Giza, Egypt ",Full TimeExperienced · 3 - 5 Yrs of Exp · IT/Software Development · Engineering - Telecom/Technology · Computer Science · Information Technology (IT) · Python · Odoo · Odoo ERP · JavaScript,https://wuzzuf.net/jobs/p/h4kvz2VJOoZs-Odoo-Developer-Abdeen-pharmacies-Giza-Egypt?o=95&l=sp&t=sj&a=python|search-v3|hpb,Confidential,Bachelor/Master of Science in relevant area or equivalent formal education.
DevOps: Site Reliability Engineer/ Support Engineer.,Cegedim,28 days ago,"New Cairo, Cairo, Egypt ",Full TimeExperienced · 2+ Yrs of Exp · IT/Software Development · Engineering - Telecom/Technology · Jira · Saltstack · Jenkins · Linux · Oracle · MongoDB · Bash · Powershell,https://wuzzuf.net/jobs/p/lYajUGW2y7Rf-DevOps-Site-Reliability-Engineer-Support-Engineer-Cegedim-Cairo-Egypt?o=96&l=sp&t=sj&a=python|search-v3|hpb,Confidential,Bachelor/Master of Science in relevant area or equivalent formal education.
Senior Devops Engineer,Confidential,28 days ago,"Maadi, Cairo, Egypt ",Full TimeExperienced · 3+ Yrs of Exp · IT/Software Development · Engineering - Telecom/Technology · Information Technology (IT) · Programming · IT · computer · Software Development · Kubernetes · Software Testing · Python,https://wuzzuf.net/jobs/p/I5JsTIacEnwN-Senior-Devops-Engineer-Cairo-Egypt?o=97&l=sp&t=sj&a=python|search-v3|hpb,Confidential,Bachelor/Master of Science in relevant area or equivalent formal education.
Research & Development Specialist,Softec Technologies,29 days ago,"Maadi, Cairo, Egypt ",Full TimeEntry Level · 1 - 2 Yrs of Exp · R&D/Science · Business Development · Science · Business Development · Mathematics · Python · Machine Learning · C# · Programming · Data Science,https://wuzzuf.net/jobs/p/wih5hJTnwd3d-Research-Development-Specialist-Softec-Technologies-Cairo-Egypt?o=98&l=sp&t=sj&a=python|search-v3|hpb,Confidential,Bachelor/Master of Science in relevant area or equivalent formal education.
Data Analyst,CRIF EGYPT,29 days ago,"Heliopolis, Cairo, Egypt ",Full TimeExperienced · 2+ Yrs of Exp · IT/Software Development · Analyst/Research · analytical · Data Analysis · Python · SAS · R · C/C++ · Computer Science · Analysis,https://wuzzuf.net/jobs/p/N0ts6jJLOucl-Data-Analyst-CRIF-EGYPT-Cairo-Egypt?o=99&l=sp&t=sj&a=python|search-v3|hpb,Confidential,Bachelor/Master of Science in relevant area or equivalent formal education.
Senior AI Engineer,Softec Technologies,29 days ago,"Maadi, Cairo, Egypt ",Full TimeExperienced · 3+ Yrs of Exp · IT/Software Development · Engineering - Telecom/Technology · AI · Development · Software · Security · Software Development · Information Technology (IT) · English · Computer Science,https://wuzzuf.net/jobs/p/29N2qTUqzqK3-Senior-AI-Engineer-Softec-Technologies-Cairo-Egypt?o=100&l=sp&t=sj&a=python|search-v3|hpb,Confidential,Bachelor/Master of Science in relevant area or equivalent formal education.
Data Analyst,Souhoola,29 days ago,"Katameya, Cairo, Egypt ",Full TimeExperienced · 2 - 10 Yrs of Exp · IT/Software Development · Analyst/Research · Engineering - Telecom/Technology · Data Analysis · Computer Science · Information Technology (IT) · SQL · SAS · Python · Programming,https://wuzzuf.net/jobs/p/lzISfUBxoUFe-Data-Analyst-Souhoola-Cairo-Egypt?o=101&l=sp&t=sj&a=python|search-v3|hpb,Confidential,Bachelor/Master of Science in relevant area or equivalent formal education.
Devops Engineer,Qoyod,1 month ago,"Cairo, Egypt ",Full TimeExperienced · 5+ Yrs of Exp · Installation/Maintenance/Repair · IT/Software Development · Engineering - Telecom/Technology · Docker · AWS · Cloud Infrastructure · SaaS · Kubernetes · Python · Shell Scripting,https://wuzzuf.net/jobs/p/znmOcJLKfsp3-Devops-Engineer-Qoyod-Cairo-Egypt?o=102&l=sp&t=sj&a=python|search-v3|hpb,Confidential,Bachelor/Master of Science in relevant area or equivalent formal education.
DevOps Engineer,Raya Customer Experience,1 month ago,"New Cairo, Cairo, Egypt ",Full TimeEntry Level · 1 - 3 Yrs of Exp · Installation/Maintenance/Repair · IT/Software Development · Engineering - Telecom/Technology · Agile · DevOps · Docker · Git · Software Development · Java · Python,https://wuzzuf.net/jobs/p/A3vRMqa50UPC-DevOps-Engineer-Raya-Customer-Experience-Cairo-Egypt?o=103&l=sp&t=sj&a=python|search-v3|hpb,Confidential,Bachelor/Master of Science in relevant area or equivalent formal education.
Technical Artist,Limbic Entertainment (Cairo Office),1 month ago,"Sheraton, Cairo, Egypt ",Full TimeEntry Level · 1+ Yrs of Exp · Creative/Design/Art · IT/Software Development · Unreal Engine · Game development · Scripting · VFX · Autodesk Maya · Autodesk 3ds Max · Adobe Photoshop · Python,https://wuzzuf.net/jobs/p/PVA7KgViF7vm-Technical-Artist-Limbic-Entertainment-Cairo-Office-Cairo-Egypt?o=104&l=sp&t=sj&a=python|search-v3|hpb,Confidential,Bachelor/Master of Science in relevant area or equivalent formal education.
Senior Red Hat Linux Administrator,Evolvice GmbH,1 month ago,"Maadi, Cairo, Egypt ",Full TimeExperienced · 5 - 10 Yrs of Exp · IT/Software Development · Engineering - Telecom/Technology · Agile · Ansible · CI/CD · Configuration · Linux · Python · System Administration · Redhat,https://wuzzuf.net/jobs/p/gJFhJEHjx0vJ-Senior-Red-Hat-Linux-Administrator-Evolvice-GmbH-Cairo-Egypt?o=105&l=sp&t=sj&a=python|search-v3|hpb,Confidential,Bachelor/Master of Science in relevant area or equivalent formal education.
STEM Teacher (Robotics Teacher),TechAdemics,1 month ago,"New Cairo, Cairo, Egypt ",Full TimeEntry Level · 1 - 3 Yrs of Exp · females_only · IT/Software Development · Engineering - Telecom/Technology · Education/Teaching · Teaching · Computer Science · Education · Electronics · STEM · Programming · Robotics,https://wuzzuf.net/jobs/p/UxSDNjTLRvEo-STEM-Teacher-Robotics-Teacher-TechAdemics-Cairo-Egypt?o=106&l=sp&t=sj&a=python|search-v3|hpb,Confidential,Bachelor/Master of Science in relevant area or equivalent formal education.
Linux System Administrator,Softxpert Incorporation,1 month ago,"Alexandria, Egypt ",Full TimeExperienced · 2 - 4 Yrs of Exp · Administration · IT/Software Development · Engineering - Telecom/Technology · Administration · Linux · Engineering · Security · System Administration · AWS · Computer Science,https://wuzzuf.net/jobs/p/YHOCuShJFUee-Linux-System-Administrator-Softxpert-Incorporation-Alexandria-Egypt?o=107&l=sp&t=sj&a=python|search-v3|hpb,Confidential,Bachelor/Master of Science in relevant area or equivalent formal education.
DevOps Engineer,Al Ahly Momkn for epayment,1 month ago,"Maadi, Cairo, Egypt ",Full TimeExperienced · 3 - 5 Yrs of Exp · IT/Software Development · Engineering - Telecom/Technology · DevOps · Information Technology (IT) · Computer Science · Engineering · JavaScript · Python · Software Development · Linux,https://wuzzuf.net/jobs/p/iq324fGi2VUp-DevOps-Engineer-Al-Ahly-Momkn-for-e-payment-Cairo-Egypt?o=108&l=sp&t=sj&a=python|search-v3|hpb,Confidential,Bachelor/Master of Science in relevant area or equivalent formal education.
Solutions Architect,Block Gemini,1 month ago,"Mohandessin, Giza, Egypt ",Full TimeManager · 8 - 20 Yrs of Exp · IT/Software Development · Engineering - Telecom/Technology · Information Technology (IT) · Software Engineering · Software · Solution Architecture · Node.js · Java Development · Computer Engineering · Computer Science,https://wuzzuf.net/jobs/p/XU1xFNtCj24G-Solutions-Architect-Block-Gemini-Giza-Egypt?o=109&l=sp&t=sj&a=python|search-v3|hpb,Confidential,Bachelor/Master of Science in relevant area or equivalent formal education.
Machine Learning Engineer,WUZZUF,1 month ago,"Maadi, Cairo, Egypt ",Full TimeExperienced · 1 - 4 Yrs of Exp · IT/Software Development · Engineering - Telecom/Technology · Engineering · MySQL · Python · Computer Science · Machine Learning · AI · chatbot · API,https://wuzzuf.net/jobs/p/Lcw39uYOpkeS-Machine-Learning-Engineer-WUZZUF-Cairo-Egypt?o=110&l=sp&t=sj&a=python|search-v3|hpb,Confidential,Bachelor/Master of Science in relevant area or equivalent formal education.
Senior .NET Full Stack Developer (.NET Core & Angular),Excel Systems,1 month ago,"Sheikh Zayed, Giza, Egypt ",Full TimeExperienced · 4 - 6 Yrs of Exp · males_only · IT/Software Development · Engineering - Telecom/Technology · ASP.NET · ADO.NET · C#.Net · .NET · .NEt Full Stack Developer · Full Stack Developer · java · Python,https://wuzzuf.net/jobs/p/Z8Dy45Pseo2B-Senior-NET-Full-Stack-Developer-NET-Core-Angular-Excel-Systems-Giza-Egypt?o=111&l=sp&t=sj&a=python|search-v3|hpb,Confidential,Bachelor/Master of Science in relevant area or equivalent formal education.
Senior Data Integration Consultant,egabi solutions,1 month ago,"Cairo, Egypt ",Full TimeExperienced · 5 - 8 Yrs of Exp · IT/Software Development · Engineering - Telecom/Technology · Computer Science · Teradata · Oracle · ETL · Information Technology (IT) · Data Warehouse · IBM · Informatica,https://wuzzuf.net/jobs/p/FpOkAgpVglr5-Senior-Data-Integration-Consultant-egabi-solutions-Cairo-Egypt?o=112&l=sp&t=sj&a=python|search-v3|hpb,Confidential,Bachelor/Master of Science in relevant area or equivalent formal education.
Web Application Intern,Ahram Security Group,1 month ago,"10th of Ramadan City, Sharqia, Egypt ",InternshipStudent · R&D/Science · IT/Software Development · Engineering - Telecom/Technology · JavaScript · Python · Java · Computer Science · Development · Database · Information Technology (IT),https://wuzzuf.net/jobs/p/HAGJdNC5XJ8I-Web-Application-Intern-Ahram-Security-Group-Sharqia-Egypt?o=113&l=sp&t=sj&a=python|search-v3|hpb,Confidential,Bachelor/Master of Science in relevant area or equivalent formal education.
Linux Systems Admin / Engineer,Qeema,1 month ago,"Masr Al Qadima, Cairo, Egypt ",Full TimeExperienced · 5+ Yrs of Exp · IT/Software Development · Engineering - Telecom/Technology · Linux · Software Engineering · Engineering · Git · Information Technology (IT) · MySQL · Python · Troubleshooting,https://wuzzuf.net/jobs/p/1PZm68WaPvQz-Linux-Systems-Admin-Engineer-Qeema-Cairo-Egypt?o=114&l=sp&t=sj&a=python|search-v3|hpb,Confidential,Bachelor/Master of Science in relevant area or equivalent formal education.
Full Stack Developer,OPART Advertising Agency,1 month ago,"6th of October, Giza, Egypt ",Full TimeExperienced · 3 - 5 Yrs of Exp · IT/Software Development · Engineering - Telecom/Technology · Software Development · Web · JavaScript · Information Technology (IT) · Computer Science · PHP · Telecom Engineering · HTML,https://wuzzuf.net/jobs/p/vrN5W01jS5O6-Full-Stack-Developer-OP-ART-Advertising-Agency-Giza-Egypt?o=115&l=sp&t=sj&a=python|search-v3|hpb,Confidential,Bachelor/Master of Science in relevant area or equivalent formal education.
Senior Back End Developer,Charisma Design,1 month ago,"Cairo, Egypt ",Full TimeExperienced · 3+ Yrs of Exp · IT/Software Development · Engineering - Telecom/Technology · PostgreSQL · PHP · VueJS · Laravel · Node.js · Laravel Framework · Python · Git,https://wuzzuf.net/jobs/p/hxidYuQT7SbR-Senior-Back-End-Developer-Charisma-Design-Cairo-Egypt?o=116&l=sp&t=sj&a=python|search-v3|hpb,Confidential,Bachelor/Master of Science in relevant area or equivalent formal education.
Data Analyst,INSITE OOH,1 month ago,"Zamalek, Cairo, Egypt ",Full TimeEntry Level · 1 - 2 Yrs of Exp · Analyst/Research · Analysis · Data Analysis · Python · Tableau · BI · Media Monitoring · Mass Media · Data Analytics · Big Data Analytics,https://wuzzuf.net/jobs/p/iQys4nPnKzqZ-Data-Analyst-INSITE-OOH-Cairo-Egypt?o=117&l=sp&t=sj&a=python|search-v3|hpb,Confidential,Bachelor/Master of Science in relevant area or equivalent formal education.
Senior Software Engineer (BackEnd),GoTrah,1 month ago,"Cairo, Egypt ",Full TimeExperienced · 4 - 5 Yrs of Exp · IT/Software Development · Engineering - Telecom/Technology · Software Development · backend · Computer Science · Information Technology (IT) · Software engineer · Software Engineering · Software · senior,https://wuzzuf.net/jobs/p/tPnQExNSb9fB-Senior-Software-Engineer-BackEnd-GoTrah-Cairo-Egypt?o=118&l=sp&t=sj&a=python|search-v3|hpb,Confidential,Bachelor/Master of Science in relevant area or equivalent formal education.
Senior Full Stack Developer,GoTrah,1 month ago,"Cairo, Egypt ",Full TimeExperienced · 3+ Yrs of Exp · IT/Software Development · Engineering - Telecom/Technology · Computer Science · front-end · CSS3 · HTML5 · Software Development · Git · Information Technology (IT) · JavaScript,https://wuzzuf.net/jobs/p/cSWu4LG6wDw8-Senior-Full-Stack-Developer-GoTrah-Cairo-Egypt?o=119&l=sp&t=sj&a=python|search-v3|hpb,Confidential,Bachelor/Master of Science in relevant area or equivalent formal education.
Data Analyst,BBIConsultancy,1 month ago,"Heliopolis, Cairo, Egypt ",Full TimeExperienced · 2 - 3 Yrs of Exp · Banking · IT/Software Development · Analyst/Research · Information Technology (IT) · Hive · Spark · SAP BO · Cloudera · Oracle · Informatica Power Center,https://wuzzuf.net/jobs/p/zE2d6ffNG1In-Data-Analyst-BBI-Consultancy-Cairo-Egypt?o=120&l=sp&t=sj&a=python|search-v3|hpb,Confidential,Bachelor/Master of Science in relevant area or equivalent formal education.
Senior Data Management Engineer,BBIConsultancy,1 month ago,"Nasr City, Cairo, Egypt ",Full TimeExperienced · 4 - 5 Yrs of Exp · IT/Software Development · Engineering - Telecom/Technology · Computer Science · ETL · NoSQL · Python · SQL · Informatica · Informatica ETL,https://wuzzuf.net/jobs/p/B3d5wtZsQIhy-Senior-Data-Management-Engineer-BBI-Consultancy-Cairo-Egypt?o=121&l=sp&t=sj&a=python|search-v3|hpb,Confidential,Bachelor/Master of Science in relevant area or equivalent formal education.
Senior Odoo Developer,Ejadtech,1 month ago,"Dokki, Giza, Egypt ",Full TimeExperienced · 4 - 5 Yrs of Exp · IT/Software Development · Engineering - Telecom/Technology · Computer Science · Git · HTML · jQuery · JavaScript · XML · Development · Software Development,https://wuzzuf.net/jobs/p/KSdstDaSWvzL-Senior-Odoo-Developer-Ejadtech-Giza-Egypt?o=122&l=sp&t=sj&a=python|search-v3|hpb,Confidential,Bachelor/Master of Science in relevant area or equivalent formal education.
Computer Vision Engineer,Atomica,1 month ago,"Cairo, Egypt ",Full TimeWork From HomeEntry Level · 1 - 10 Yrs of Exp · IT/Software Development · Engineering - Telecom/Technology · Computer Engineering · Mathematics · Software Development · Software Engineering · C++ · Git · Research · computer,https://wuzzuf.net/jobs/p/PG4E9TReepie-Computer-Vision-Engineer-Atomica-Cairo-Egypt?o=123&l=sp&t=sj&a=python|search-v3|hpb,Confidential,Bachelor/Master of Science in relevant area or equivalent formal education.
Senior Devops Engineer,FlairsTech,1 month ago,"Maadi, Cairo, Egypt ",Full TimeExperienced · 3 - 6 Yrs of Exp · IT/Software Development · Engineering - Telecom/Technology · Computer Science · Devops Engineer · Engineering · Docker · AWS · Git · Information Technology (IT) · Python,https://wuzzuf.net/jobs/p/icsK5SHrCy1l-Senior-Devops-Engineer-FlairsTech-Cairo-Egypt?o=124&l=sp&t=sj&a=python|search-v3|hpb,Confidential,Bachelor/Master of Science in relevant area or equivalent formal education.
Seionr Data Analyst,World of systems and software,1 month ago,"New Cairo, Cairo, Egypt ",Full TimeExperienced · 5 - 7 Yrs of Exp · IT/Software Development · Analyst/Research · Engineering - Telecom/Technology · Analysis · business · Computer Science · Data · Data Analysis · Information Technology (IT) · Management,https://wuzzuf.net/jobs/p/hsAeErKeYQsd-Seionr-Data-Analyst-World-of-systems-and-software-Cairo-Egypt?o=125&l=sp&t=sj&a=python|search-v3|hpb,Confidential,Bachelor/Master of Science in relevant area or equivalent formal education.
Senior Data Engineer,World of systems and software,1 month ago,"New Cairo, Cairo, Egypt ",Full TimeExperienced · 5 - 7 Yrs of Exp · IT/Software Development · Engineering - Telecom/Technology · Engineering - Mechanical/Electrical · Computer Science · Architecture · Development · Engineering · Information Technology (IT) · ETL · Java,https://wuzzuf.net/jobs/p/AJi4mpeDgpmt-Senior-Data-Engineer-World-of-systems-and-software-Cairo-Egypt?o=126&l=sp&t=sj&a=python|search-v3|hpb,Confidential,Bachelor/Master of Science in relevant area or equivalent formal education.
Lead Software Engineer,GoTrah,1 month ago,"Cairo, Egypt ",Full TimeManager · 6+ Yrs of Exp · IT/Software Development · Engineering - Telecom/Technology · Agile · Computer Science · Information Technology (IT) · JavaScript · Java · OOP · Programming · Git,https://wuzzuf.net/jobs/p/8uZ16gX9prBQ-Lead-Software-Engineer-GoTrah-Cairo-Egypt?o=127&l=sp&t=sj&a=python|search-v3|hpb,Confidential,Bachelor/Master of Science in relevant area or equivalent formal education.
Devops Engineer,Ejada (Cairo),1 month ago,"Cairo, Egypt ",Full TimeExperienced · 3+ Yrs of Exp · IT/Software Development · Engineering - Telecom/Technology · Computer Science · Information Technology (IT) · DevOps · CI/CD · JIRA · Microsoft TFS · Cybersecurity · Java,https://wuzzuf.net/jobs/p/VUdb76x6neGP-Devops-Engineer-Ejada-Cairo-Cairo-Egypt?o=128&l=sp&t=sj&a=python|search-v3|hpb,Confidential,Bachelor/Master of Science in relevant area or equivalent formal education.
Site Reliability Engineer (SRE),Qoyod,1 month ago,"Cairo, Egypt ",Full TimeExperienced · 5+ Yrs of Exp · Installation/Maintenance/Repair · IT/Software Development · Engineering - Telecom/Technology · Docker · AWS · Infrastructure · SaaS · Kubernetes · Python · Shell Scripting,https://wuzzuf.net/jobs/p/u1jYolOyr59N-Site-Reliability-Engineer-SRE-Qoyod-Cairo-Egypt?o=129&l=sp&t=sj&a=python|search-v3|hpb,Confidential,Bachelor/Master of Science in relevant area or equivalent formal education.
Odoo ERP Consultant (Part Time),Smart IT,1 month ago,"Cairo, Egypt ",Part TimeExperienced · 5 - 7 Yrs of Exp · Installation/Maintenance/Repair · IT/Software Development · Engineering - Telecom/Technology · Odoo · Information Technology (IT) · ERP · Odoo ERP · Accounting · Computer Science · Odoo Development,https://wuzzuf.net/jobs/p/7Uxb5Ow9cR7S-Odoo-ERP-Consultant-Part-Time-Smart-IT-Cairo-Egypt?o=130&l=sp&t=sj&a=python|search-v3|hpb,Confidential,Bachelor/Master of Science in relevant area or equivalent formal education.
Odoo ERP Consultant (Full Time),Smart IT,1 month ago,"Cairo, Egypt ",Full TimeExperienced · 5 - 7 Yrs of Exp · Installation/Maintenance/Repair · IT/Software Development · Engineering - Telecom/Technology · Odoo · Information Technology (IT) · ERP · Odoo ERP · Accounting · Computer Science · Odoo Development,https://wuzzuf.net/jobs/p/X0CJmDqIOGcX-Odoo-ERP-Consultant-Full-Time-Smart-IT-Cairo-Egypt?o=131&l=sp&t=sj&a=python|search-v3|hpb,Confidential,Bachelor/Master of Science in relevant area or equivalent formal education.
Odoo Developer,Nahil Computers,1 month ago,"Giza, Giza, Egypt ",Full TimeEntry Level · 1 - 1 Yrs of Exp · IT/Software Development · Engineering - Telecom/Technology · Odoo Development · Odoo ERP · Python · Information Technology (IT) · Computer Science · Odoo,https://wuzzuf.net/jobs/p/mlJ8XGlseUpB-Odoo-Developer-Nahil-Computers-Giza-Egypt?o=132&l=sp&t=sj&a=python|search-v3|hpb,Confidential,Bachelor/Master of Science in relevant area or equivalent formal education.
Odoo Developer,Yodawy,1 month ago,"Cairo, Egypt ",Full TimeExperienced · 2 - 4 Yrs of Exp · IT/Software Development · Engineering - Telecom/Technology · Odoo · Software Development · GitHub · HTML · PostgreSQL · JavaScript · JQuery · ORM,https://wuzzuf.net/jobs/p/8DCv8ze3MLxF-Odoo-Developer-Yodawy-Cairo-Egypt?o=133&l=sp&t=sj&a=python|search-v3|hpb,Confidential,Bachelor/Master of Science in relevant area or equivalent formal education.
Senior Software Engineer - Full Stack,ITWORX,1 month ago,"Nasr City, Cairo, Egypt ",Full TimeExperienced · 3+ Yrs of Exp · IT/Software Development · Engineering - Telecom/Technology · Information Technology (IT) · Software Development · Computer Science · Software Engineering · JavaScript · jQuery · Python · React,https://wuzzuf.net/jobs/p/BKm0n0baiM5Z-Senior-Software-Engineer---Full-Stack-ITWORX-Cairo-Egypt?o=134&l=sp&t=sj&a=python|search-v3|hpb,Confidential,Bachelor/Master of Science in relevant area or equivalent formal education.
Data Scientist,CYSHIELD,1 month ago,"Sheraton, Cairo, Egypt ",Full TimeEntry Level · 1 - 3 Yrs of Exp · IT/Software Development · Engineering - Telecom/Technology · data scientist · Information Technology (IT) · Python · SQL · Data Science · Machine Learning · NoSQL · cython,https://wuzzuf.net/jobs/p/3ZAHBr0JkR5f-Data-Scientist-CYSHIELD-Cairo-Egypt?o=135&l=sp&t=sj&a=python|search-v3|hpb,Confidential,Bachelor/Master of Science in relevant area or equivalent formal education.
Odoo Developer,Perfect Presentation,1 month ago,"6th of October, Giza, Egypt ",Full TimeExperienced · 3+ Yrs of Exp · IT/Software Development · Engineering - Telecom/Technology · Odoo · Accounting · Business Systems · Python · Information Technology (IT) · Computer Science,https://wuzzuf.net/jobs/p/BgwndrJ6wHKE-Odoo-Developer-Perfect-Presentation-Giza-Egypt?o=136&l=sp&t=sj&a=python|search-v3|hpb,Confidential,Bachelor/Master of Science in relevant area or equivalent formal education.
Senior Software Developer - Remote Egypt,Luxoft (A DXC Technology Company),2 months ago,"Cairo, Egypt ",Work From HomeExperienced · 4 - 8 Yrs of Exp · IT/Software Development · Engineering - Telecom/Technology · C++ · Python · Docker · Linux · Git · Agile · Computer Science · Development,https://wuzzuf.net/jobs/p/R1Sy55cpgg7x-Senior-Software-Developer---Remote-Egypt-Luxoft-A-DXC-Technology-Company-Cairo-Egypt?o=137&l=sp&t=sj&a=python|search-v3|hpb,Confidential,Bachelor/Master of Science in relevant area or equivalent formal education.
Odoo Developer,(MSA) October University,2 months ago,"6th of October, Giza, Egypt ",Full TimeExperienced · 2 - 5 Yrs of Exp · IT/Software Development · Engineering - Telecom/Technology · Computer Science · Odoo · XML · HTML · CSS · Linux · Python · JavaScript,https://wuzzuf.net/jobs/p/Cj0JFWQvRNVB-Odoo-Developer-MSA-October-University-Giza-Egypt?o=138&l=sp&t=sj&a=python|search-v3|hpb,Confidential,Bachelor/Master of Science in relevant area or equivalent formal education.
Data Scientist,Chefaa IT,2 months ago,"Maadi, Cairo, Egypt ",Full TimeEntry Level · 1 - 3 Yrs of Exp · IT/Software Development · Analyst/Research · Engineering - Telecom/Technology · Business Intelligence · Computer Science · Data Science · data scientist · Engineering · Data · Hadoop,https://wuzzuf.net/jobs/p/Y4CCaPuS8Xnk-Data-Scientist-Chefaa-IT-Cairo-Egypt?o=139&l=sp&t=sj&a=python|search-v3|hpb,Confidential,Bachelor/Master of Science in relevant area or equivalent formal education.
Technology & Network Engineer,Consomity,2 months ago,"Nasr City, Cairo, Egypt ",Full TimeExperienced · 7+ Yrs of Exp · IT/Software Development · Engineering - Telecom/Technology · Consultancy · AutoCAD · Engineering · Technical Office · Electrical Engineering · Mechanical Engineering · Water Treatment · Drainage,https://wuzzuf.net/jobs/p/BJGrk8yk7HDs-Technology-Network-Engineer-Consomity-Cairo-Egypt?o=140&l=sp&t=sj&a=python|search-v3|hpb,Confidential,Bachelor/Master of Science in relevant area or equivalent formal education.
Cloud Solution Engineer - R&D,Link Datacenter,2 months ago,"Giza, Egypt ",Full TimeExperienced · 2 - 4 Yrs of Exp · IT/Software Development · Engineering - Telecom/Technology · Azure · Cloud · Computer Engineering · Computer Science · Docker · Engineering · Information Technology (IT) · Linux,https://wuzzuf.net/jobs/p/oHKJ5Ad7oq94-Cloud-Solution-Engineer---RD-Link-Datacenter-Giza-Egypt?o=141&l=sp&t=sj&a=python|search-v3|hpb,Confidential,Bachelor/Master of Science in relevant area or equivalent formal education.
Software Engineer (Ruby On Rails),Qoyod,2 months ago,"Cairo, Egypt ",Full TimeExperienced · 5+ Yrs of Exp · IT/Software Development · Engineering - Telecom/Technology · Computer Science · Ruby on Rails · Information Technology (IT) · Engineering · Ruby · Software Development · HTML5 · MVC,https://wuzzuf.net/jobs/p/Hnm9h4Y781wV-Software-Engineer-Ruby-On-Rails-Qoyod-Cairo-Egypt?o=142&l=sp&t=sj&a=python|search-v3|hpb,Confidential,Bachelor/Master of Science in relevant area or equivalent formal education.
ETL Developer,Gap Polymers,2 months ago,"Maadi, Cairo, Egypt ",Full TimeExperienced · 2 - 6 Yrs of Exp · IT/Software Development · Engineering - Telecom/Technology · Database · Computer Science · SQL · SQL Server · SSIS · ETL · Power BI · Data Warehousing,https://wuzzuf.net/jobs/p/2agTuWRxdNRb-ETL-Developer-Gap-Polymers-Cairo-Egypt?o=143&l=sp&t=sj&a=python|search-v3|hpb,Confidential,Bachelor/Master of Science in relevant area or equivalent formal education.
Cyber Security Engineer,axispay,2 months ago,"Cairo, Egypt ",Full TimeExperienced · 4+ Yrs of Exp · IT/Software Development · Engineering - Telecom/Technology · Engineering · Information Technology (IT) · Cyber Security · Computer Science · Microsoft Office · Security · Python · SIEM,https://wuzzuf.net/jobs/p/ShLb9eeWHeoZ-Cyber-Security-Engineer-axispay-Cairo-Egypt?o=144&l=sp&t=sj&a=python|search-v3|hpb,Confidential,Bachelor/Master of Science in relevant area or equivalent formal education.
Senior DevOps Engineer,CYSHIELD,2 months ago,"Sheraton, Cairo, Egypt ",Full TimeWork From HomeExperienced · 5+ Yrs of Exp · IT/Software Development · Engineering - Telecom/Technology · CI/CD · AWS · MySQL · Computer Science · Software Development · Information Technology (IT) · Python · SQL,https://wuzzuf.net/jobs/p/zO3F25xiOgrz-Senior-DevOps-Engineer-CYSHIELD-Cairo-Egypt?o=145&l=sp&t=sj&a=python|search-v3|hpb,Confidential,Bachelor/Master of Science in relevant area or equivalent formal education.
Senior Linux System Engineer,Link Datacenter,2 months ago,"Dokki, Giza, Egypt ",Full TimeExperienced · 3 - 5 Yrs of Exp · Installation/Maintenance/Repair · IT/Software Development · Engineering - Telecom/Technology · Engineering · Communication Engineering · Information Technology (IT) · Computer Science · Installation · Maintenance · Solaris,https://wuzzuf.net/jobs/p/oQ1IPlaveQc6-Senior-Linux-System-Engineer-Link-Datacenter-Giza-Egypt?o=146&l=sp&t=sj&a=python|search-v3|hpb,Confidential,Bachelor/Master of Science in relevant area or equivalent formal education.
Security Engineer- Pentester- Mobile (iOS & Android),Fixed Solutions,2 months ago,"Sheraton, Cairo, Egypt ",Full TimeEntry Level · 1+ Yrs of Exp · IT/Software Development · Engineering - Telecom/Technology · Computer Engineering · Computer Science · Engineering · firewalls · Hacking · Information Technology (IT) · Maintenance · Java,https://wuzzuf.net/jobs/p/yN1yTZJOe6cf-Security-Engineer--Pentester--Mobile-iOS-Android-Fixed-Solutions-Cairo-Egypt?o=147&l=sp&t=sj&a=python|search-v3|hpb,Confidential,Bachelor/Master of Science in relevant area or equivalent formal education.
Odoo Developer,Copartners,2 months ago,"Nasr City, Cairo, Egypt ",Full TimeExperienced · 2 - 5 Yrs of Exp · IT/Software Development · Engineering - Telecom/Technology · Python · Odoo · Software Development · Web Development · javaScript · JQuery · CSS · HTML,https://wuzzuf.net/jobs/p/3IYkkDcEZ4av-Odoo-Developer-Copartners-Cairo-Egypt?o=148&l=sp&t=sj&a=python|search-v3|hpb,Confidential,Bachelor/Master of Science in relevant area or equivalent formal education.
Ruby on Rails Developer (Fluent in English),Fekra Technology Solutions and Construction,2 months ago,"Dokki, Giza, Egypt ",Full TimeWork From HomeExperienced · 3+ Yrs of Exp · IT/Software Development · Engineering - Telecom/Technology · Computer Science · Development · Software Development · Agile · Information Technology (IT) · Python · React · Design,https://wuzzuf.net/jobs/p/hWP0LCQeqXEB-Ruby-on-Rails-Developer-Fluent-in-English-Fekra-Technology-Solutions-and-Construction-Giza-Egypt?o=149&l=sp&t=sj&a=python|search-v3|hpb,Confidential,Bachelor/Master of Science in relevant area or equivalent formal education.
Software Data Engineer,Target Recruitment  & HR Solutions,2 months ago,"Cairo, Egypt ",Full TimeExperienced · 3+ Yrs of Exp · IT/Software Development · Engineering - Telecom/Technology · Computer Science · Information Technology (IT) · Kubernetes · Programming · Python · REST · Software Development · Software Engineering,https://wuzzuf.net/jobs/p/UBz7cKuT9STA-Software-Data-Engineer-Target-Recruitment-HR-Solutions-Cairo-Egypt?o=150&l=sp&t=sj&a=python|search-v3|hpb,Confidential,Bachelor/Master of Science in relevant area or equivalent formal education.
Cyber Security Data Engineer,Target Recruitment  & HR Solutions,1 hour ago,"Cairo, Egypt ",Full TimeShift BasedWork From HomeEntry Level · 0 - 2 Yrs of Exp · IT/Software Development · Engineering - Telecom/Technology · Engineering - Other · Computer Engineering · Computer Science · Information Technology (IT) · Programming · Software · Python · Java,https://wuzzuf.net/jobs/p/gr14Uk8B382n-Cyber-Security-Data-Engineer-Target-Recruitment-HR-Solutions-Cairo-Egypt?o=151&l=sp&t=sj&a=python|search-v3|hpb,Confidential,Bachelor/Master of Science in relevant area or equivalent formal education.
Devops Engineer,E3mel Business for Financial & Managerial Consultancy,6 days ago,"Maadi, Cairo, Egypt ",Full TimeExperienced · 2 - 5 Yrs of Exp · Installation/Maintenance/Repair · IT/Software Development · Engineering - Telecom/Technology · CI/CD · Computer Science · DevOps · Information Technology (IT) · Java · Jenkins · JIRA,https://wuzzuf.net/jobs/p/swux2Mz9Uldc-Devops-Engineer-E3mel-Business-for-Financial-Managerial-Consultancy-Cairo-Egypt?o=152&l=sp&t=sj&a=python|search-v3|hpb,Confidential,Bachelor/Master of Science in relevant area or equivalent formal education.
